File Name,File Path,File Size (KB),Created Time,Modified Time,MD5,SHA256
Snapchat-1007002177.mp4,android_dump/recovered_files/videos\Snapchat-1007002177.mp4,1012.0,2025-12-22 11:55:20.660001,2025-12-17 12:29:26.572102,fab1ea736447cb8da895dc5370f64396,26a7bdd8ae34287c8841f3c13c1feca2b76f27fd62b88cff82aec493d81ff555
Snapchat-1029454381.mp4,android_dump/recovered_files/videos\Snapchat-1029454381.mp4,798.46,2025-12-22 11:55:20.699006,2025-12-17 12:29:11.904205,94a3776ec03805754d28b6a21119bc8f,23613b36c60997a8ae54c1a146e2ad9d19fe0612cecf67e85c5e9b52f57ecda4
Snapchat-1030152048.mp4,android_dump/recovered_files/videos\Snapchat-1030152048.mp4,1664.42,2025-12-22 11:55:20.727326,2025-12-17 12:29:17.165516,6eb9224b04d1086c1d83ec1ab31f2c73,d180738efe69ab0e1bbbd116cc7b0bcef5a65ba74c6055710a4d9be4739ade4d
Snapchat-1035317091.mp4,android_dump/recovered_files/videos\Snapchat-1035317091.mp4,4939.69,2025-12-22 11:55:20.759414,2025-12-17 12:29:26.530369,d07fcbf0a0b1ecf04ee98a8a9d8b578e,2fb91a98fe740a1db7a1aba3b1fa3ee7d2978eb87a3324d3a62c327f1290f6b5
Snapchat-1051761567.mp4,android_dump/recovered_files/videos\Snapchat-1051761567.mp4,3053.1,2025-12-22 11:55:20.784405,2025-12-17 12:29:18.673839,56980aad5a1bcda2dc1f54b7af63fb99,20232fdfe7045f70592b2ea58555e34808e07022d8f9f599be6a8ddf5c777580
Snapchat-1074475764.mp4,android_dump/recovered_files/videos\Snapchat-1074475764.mp4,8348.77,2025-12-22 11:55:20.808775,2025-12-17 12:29:33.314688,18f9cb0f08694032d7c3596aae14146a,7c563107317d3a6d7c9ec76d774ce1aad0322ccd3e3a6b3ab01580d89c61c20f
Snapchat-1080076986.mp4,android_dump/recovered_files/videos\Snapchat-1080076986.mp4,907.11,2025-12-22 11:55:20.833866,2025-12-17 12:29:23.245322,959a45dfa54128bd1f1b620d29fa00d7,24ea389b8cd96ddf899fece83bd4e23e4f5965fc3a5860b9f5774c29d0166b83
Snapchat-1106971109.mp4,android_dump/recovered_files/videos\Snapchat-1106971109.mp4,1617.6,2025-12-22 11:55:20.852618,2025-12-17 12:29:31.242623,ada003ab4dd3fe6fe6c3a513ba9d2b8c,30c9f04ee305a981bcb1ce7f90c353fc5256f7958ca4c8d9e64dc3d02808f470
Snapchat-1113612396.mp4,android_dump/recovered_files/videos\Snapchat-1113612396.mp4,1818.66,2025-12-22 11:55:20.873821,2025-12-17 12:29:25.444223,c818d3f94aaa14a7ce619a5b4cbf0934,f91e81d8d026fd959b91a456ea6e5592656c1d325a0a1d2e7562092bc2eccdba
Snapchat-1116034853.mp4,android_dump/recovered_files/videos\Snapchat-1116034853.mp4,638.5,2025-12-22 11:55:20.892678,2025-12-17 12:29:28.615398,2eb1bced6166c349dc0bf8697504846c,799d777e7bd71dcbd3fa91e01249b629dc6ecefad385d9551e6775ca71600b6c
Snapchat-111926476.mp4,android_dump/recovered_files/videos\Snapchat-111926476.mp4,7286.53,2025-12-22 11:55:20.916781,2025-12-17 12:29:14.718270,c0dbfd03567876e9e942c0db31c41a11,be563b0a00e4db9bda38fdeacca17f5d59b43a5a26b80db2dc50fd7d497d38f2
Snapchat-1121729538.mp4,android_dump/recovered_files/videos\Snapchat-1121729538.mp4,1075.85,2025-12-22 11:55:20.942382,2025-12-17 12:29:38.074885,2ac9f09e7979c8cd0811d19e28cf71b3,273e3e9fcfc6221d560d68bc529f7ad23f3131953062b4ae3641f9877f5f2270
Snapchat-1128147571.mp4,android_dump/recovered_files/videos\Snapchat-1128147571.mp4,1820.43,2025-12-22 11:55:20.967521,2025-12-17 12:29:15.706111,f0866c61110eb03ed0db3e94403cbda7,11b088a8351a584598727c5f01c0d99fb2675a7bcad1732f6cdc4898d89ce2e4
Snapchat-113680649.mp4,android_dump/recovered_files/videos\Snapchat-113680649.mp4,4049.19,2025-12-22 11:55:20.993794,2025-12-17 12:29:20.455123,5c7759826a7e4681e987fe4e40ce1edb,96d0d55f4d143c319cd333a7b57889b2ad3faea2ca042ccc94a546e3a5086804
Snapchat-1143839100.mp4,android_dump/recovered_files/videos\Snapchat-1143839100.mp4,2176.71,2025-12-22 11:55:21.040426,2025-12-17 12:29:34.617510,487ea7b9b7de5105c664c5f1e853a8e3,5942580967d0618cc67994edd4c6d16cc0c0ce453928f7995c7637ab483abc8b
Snapchat-1152134651.mp4,android_dump/recovered_files/videos\Snapchat-1152134651.mp4,1840.74,2025-12-22 11:55:21.066068,2025-12-17 12:29:24.123154,0d8b33ebd597a79a0f265314b55dc8da,d39cfeb0e49d0cce4eab577161b296217af0a47fcac3b023a908e109c9a3fe19
Snapchat-1158896473.mp4,android_dump/recovered_files/videos\Snapchat-1158896473.mp4,1473.44,2025-12-22 11:55:21.091417,2025-12-17 12:29:24.281524,1938eebbc26aa4d26bd664d42bc45a5c,c8ad9c18abc7e2c3e460c39bcad74a2d51ec9e352906ca9dfa03034e0edba6dd
Snapchat-1165376181.mp4,android_dump/recovered_files/videos\Snapchat-1165376181.mp4,1767.24,2025-12-22 11:55:21.118415,2025-12-17 12:29:26.285385,072c2638809371af58d6cd57342ce6c0,29694ac9e4f5368dfb49fc113ed427be7b5e31b882420c5ca98c96eaacf97301
Snapchat-1165792153.mp4,android_dump/recovered_files/videos\Snapchat-1165792153.mp4,991.53,2025-12-22 11:55:21.144337,2025-12-17 12:29:24.702850,6cf1db1a242b500b3f88042def8cdfab,24b3e632f560b054b85b6d0bbfd8309d100aa9291f68bdab522da4d081bc69ec
Snapchat-1189670778.mp4,android_dump/recovered_files/videos\Snapchat-1189670778.mp4,1539.85,2025-12-22 11:55:21.168865,2025-12-17 12:29:35.451726,f181224f219ea260fba214b02e4c42a4,410ccd3d88a80032ff6801951235e40d7967bcbbc438d7037d6434ef42537c38
Snapchat-1191008053.mp4,android_dump/recovered_files/videos\Snapchat-1191008053.mp4,4939.69,2025-12-22 11:55:21.196822,2025-12-17 12:29:34.412750,d07fcbf0a0b1ecf04ee98a8a9d8b578e,2fb91a98fe740a1db7a1aba3b1fa3ee7d2978eb87a3324d3a62c327f1290f6b5
Snapchat-1207043609.mp4,android_dump/recovered_files/videos\Snapchat-1207043609.mp4,834.86,2025-12-22 11:55:21.221935,2025-12-17 12:29:16.968582,15e5881e371779c065752b264f2842a8,7bf4015093629b7687ed1e90b18c9027e69f27c87b144651405d26f018caca23
Snapchat-1214210523.mp4,android_dump/recovered_files/videos\Snapchat-1214210523.mp4,3949.87,2025-12-22 11:55:21.246082,2025-12-17 12:29:32.298133,9f894263d082094946f4f49280491367,a8d147bae6570a2b714c9a5f4f894e9ae1ad241b1f12dfecfbf7622ce2e363f0
Snapchat-1215415741.mp4,android_dump/recovered_files/videos\Snapchat-1215415741.mp4,0.0,2025-12-22 11:55:26.186317,2025-12-22 11:55:19.999076,d41d8cd98f00b204e9800998ecf8427e,e3b0c44298fc1c149afbf4c8996fb92427ae41e4649b934ca495991b7852b855
Snapchat-1217538298.mp4,android_dump/recovered_files/videos\Snapchat-1217538298.mp4,1696.21,2025-12-22 11:55:21.274083,2025-12-17 12:29:12.148269,ea37a79631f498873fb8067dc573a4b0,7cba9b3a483968615d8a52b0ddf4aacd0333e2a3ac3563405804ce70bf152450
Snapchat-1218127213.mp4,android_dump/recovered_files/videos\Snapchat-1218127213.mp4,1169.51,2025-12-22 11:55:21.298023,2025-12-17 12:29:35.241767,4f21359305e69737d8c83fa65939667c,ffe06b7be91aa0d8750cb9490b4d3d2041751e04e6af74e216b431f8dbf78efa
Snapchat-1219910695.mp4,android_dump/recovered_files/videos\Snapchat-1219910695.mp4,4445.28,2025-12-22 11:55:21.322019,2025-12-17 12:29:18.931518,7d808a91cbb8be3adc5a2b27b9d2cd83,603c4ec9be93fbbcf1a6054a7670482e076f3e0cf1322cac0e4190633fe9c2ab
Snapchat-1223811314.mp4,android_dump/recovered_files/videos\Snapchat-1223811314.mp4,2680.21,2025-12-22 11:55:21.346558,2025-12-17 12:29:27.393414,1578a81dee55841ef1e87b6ed48a6c9f,9d8f5c6eb85ae1ce619f2e8b5f145ef9f2c04b8c132cdfa585613b72a1dcaa72
Snapchat-1229485584.mp4,android_dump/recovered_files/videos\Snapchat-1229485584.mp4,1413.03,2025-12-22 11:55:21.367607,2025-12-17 12:29:12.036239,bdd83d6b87a7dcf11dfa034afaf40e3d,f4dc1c61a71e339fb3871cb5c1035303895fc82f5740827fa5e16bd89d1ac0f5
Snapchat-1234791237.mp4,android_dump/recovered_files/videos\Snapchat-1234791237.mp4,1283.63,2025-12-22 11:55:21.389216,2025-12-17 12:29:30.683965,115b077a8e6a013d04c63db6e5d8a3cc,95dac7997952ac576c359ca1b780fe607851e00e1c50216a5cfd5c3892d8c0f2
Snapchat-1244731702.mp4,android_dump/recovered_files/videos\Snapchat-1244731702.mp4,1567.71,2025-12-22 11:55:21.413683,2025-12-17 12:29:30.001707,8a9eeaf7c4552d7295f78fdb0b486579,d99d7172bc518d6df678935bc692a591414a5d5de1c309230d574e6e20ffe0fd
Snapchat-1250848783.mp4,android_dump/recovered_files/videos\Snapchat-1250848783.mp4,1012.0,2025-12-22 11:55:21.433658,2025-12-17 12:29:23.581336,fab1ea736447cb8da895dc5370f64396,26a7bdd8ae34287c8841f3c13c1feca2b76f27fd62b88cff82aec493d81ff555
Snapchat-1307149473.mp4,android_dump/recovered_files/videos\Snapchat-1307149473.mp4,6330.93,2025-12-22 11:55:21.455753,2025-12-17 12:29:20.271355,3ae201f09fd2254d168baa509f34e9d2,b57def14f754f21d2c942b178cc1e291369185d6cf9e268ae7c4b14570fe265b
